CustomerID,Age,Tenure,PurchaseFrequency,AvgOrderValue,TotalSpend,LastPurchaseDaysAgo,Complaints,DiscountUsage,Region,Churn,Churn_Probability,Revenue_At_Risk
1,28,45,3,2455.52,39542.72,100,5,1,North,0,0.135,5338.2672
2,27,40,16,4839.39,108821.74,149,5,1,North,0,0.2,21764.348
3,30,23,4,3973.16,97383.44,129,5,1,North,0,0.1,9738.344000000001
4,57,39,19,3624.05,330022.19,87,5,0,East,0,0.175,57753.88325
5,63,48,8,3108.36,115397.12,341,2,0,North,0,0.195,22502.4384
6,54,19,10,2503.53,143611.9,146,0,1,West,0,0.195,28004.3205
7,57,44,9,429.8,177130.87,187,5,1,East,0,0.12,21255.7044
8,47,12,6,4146.16,92007.82,321,5,0,South,0,0.145,13341.1339
9,18,41,8,4004.05,90037.57,116,3,1,South,0,0.15,13505.6355
10,35,38,3,3443.61,7603.15,138,0,1,East,0,0.1,760.315
11,58,20,7,2795.29,97169.26,330,2,1,East,0,0.365,35466.779899999994
12,44,18,20,494.6,89049.2,200,5,1,West,0,0.185,16474.102
13,37,11,15,868.9,46925.81,239,1,1,East,1,0.76,35663.6156
14,40,18,3,4443.82,52606.52,108,5,1,South,0,0.085,4471.5542000000005
15,53,13,2,3558.35,77875.99,252,3,1,South,0,0.06,4672.5594
16,45,37,11,3777.79,78006.2,14,4,1,South,1,0.76,59284.712
17,28,21,4,4313.84,46574.04,326,0,1,West,1,0.82,38190.7128
18,50,54,13,2811.13,146544.21,45,4,1,East,0,0.175,25645.236749999996
19,66,9,19,1103.3,18126.01,6,2,0,West,1,0.795,14410.17795
20,35,5,8,3824.36,134007.38,124,2,1,West,0,0.16,21441.180800000002
21,35,25,1,204.79,96830.02,126,4,0,North,1,0.77,74559.11540000001
22,61,6,20,2966.15,132196.71,96,2,0,West,0,0.13,17185.5723
23,30,32,19,4850.75,36033.83,176,2,0,North,1,0.725,26124.52675
24,70,51,5,2676.0,64369.77,261,4,1,West,1,0.515,33150.43155
25,38,35,15,4413.93,79251.64,313,3,1,West,0,0.14,11095.2296
26,55,35,16,380.51,313288.43,2,1,0,South,0,0.41,128448.2563
27,34,48,1,3337.14,46827.7,303,5,0,West,0,0.2,9365.539999999999
28,37,1,19,3329.86,37032.28,59,0,0,West,0,0.115,4258.7122
29,59,39,18,1874.82,111329.45,269,0,0,North,1,0.895,99639.85775
30,48,27,9,4618.55,28130.18,275,2,0,North,1,0.845,23770.002099999998
31,32,5,12,2808.97,35718.55,6,0,1,North,0,0.405,14466.012750000002
32,63,26,11,1984.94,25728.05,82,5,0,West,1,0.82,21097.000999999997
33,41,57,8,4826.84,393912.13,114,3,0,East,0,0.095,37421.652350000004
34,44,6,19,2174.65,51826.93,330,0,0,East,0,0.135,6996.635550000001
35,62,52,17,2428.69,49244.35,79,0,1,South,0,0.145,7140.4307499999995
36,60,35,9,2436.95,16829.54,147,2,0,East,0,0.16,2692.7264
37,67,47,3,1529.44,2392.55,337,1,0,West,0,0.23,550.2865
38,19,45,13,287.27,72452.15,214,1,0,North,0,0.165,11954.60475
39,36,12,19,540.09,111103.64,10,0,0,North,1,0.78,86660.8392
40,62,49,11,1011.0,173182.19,201,0,1,South,1,0.44,76200.1636
41,29,43,18,1236.17,72647.49,271,1,1,East,1,0.785,57028.279650000004
42,64,14,10,3714.3,93077.08,246,2,0,South,0,0.1,9307.708
43,41,25,15,2119.17,140654.07,351,2,1,East,1,0.86,120962.50020000001
44,58,37,15,4419.42,22711.75,129,5,1,West,1,0.815,18510.07625
45,25,13,13,2942.51,426111.32,30,0,0,East,0,0.415,176836.1978
46,63,46,5,4637.31,292503.52,180,2,0,South,0,0.13,38025.4576
47,46,25,9,4457.66,7815.44,252,4,1,East,1,0.84,6564.969599999999
48,46,29,16,2424.43,256311.05,327,2,0,South,1,0.745,190951.73225
49,55,15,2,3037.03,20146.65,178,5,0,North,1,0.77,15512.920500000002
50,51,22,19,3082.29,8798.27,179,5,1,North,0,0.225,1979.61075
51,54,36,17,2538.41,13797.92,265,3,1,North,0,0.15,2069.688
52,21,36,16,698.45,72682.33,206,4,1,North,0,0.095,6904.82135
53,60,28,19,1055.47,23409.87,282,4,1,East,0,0.235,5501.319449999999
54,30,47,4,2595.06,174376.87,286,3,1,East,1,0.79,137757.7273
55,22,33,11,4514.0,88462.97,182,0,0,East,1,0.43,38039.0771
56,60,45,6,1437.08,23758.55,319,5,0,North,1,0.45,10691.3475
57,51,49,3,1147.48,191006.9,164,4,1,North,1,0.76,145165.244
58,69,34,18,4139.72,104105.43,104,3,0,East,0,0.145,15095.287349999999
59,27,21,5,265.57,34768.99,1,3,1,South,1,0.72,25033.672799999997
60,70,57,16,4650.5,13597.78,99,2,0,West,1,0.53,7206.823400000001
61,42,6,2,323.8,170113.03,275,4,1,East,1,0.355,60390.125649999994
62,47,58,3,3753.65,41715.3,342,5,1,North,1,0.69,28783.557
63,52,30,11,1063.17,179174.96,206,0,0,North,1,0.895,160361.5892
64,41,46,9,4835.06,95353.17,86,0,0,West,0,0.36,34327.1412
65,50,11,1,3375.34,58123.12,216,0,1,South,0,0.175,10171.546
66,39,36,16,321.51,38222.72,262,5,0,East,0,0.12,4586.7264
67,31,18,16,4440.46,2951.41,305,0,0,East,1,0.395,1165.80695
68,32,43,14,1507.68,81613.52,326,3,0,West,0,0.47,38358.3544
69,43,38,14,3066.86,309191.5,229,5,1,North,0,0.145,44832.767499999994
70,60,46,8,3555.44,33442.51,301,2,1,East,0,0.125,4180.31375
71,59,12,12,1797.71,143049.08,195,5,1,East,0,0.42,60080.61359999999
72,48,21,19,3565.5,58469.71,305,1,0,West,1,0.83,48529.8593
73,36,32,11,658.08,23829.25,336,2,0,East,0,0.565,13463.526249999999
74,31,41,12,4630.82,50659.06,179,2,1,North,0,0.115,5825.7919
75,68,10,20,1465.75,55792.07,173,4,0,West,1,0.815,45470.53705
76,70,50,3,1309.36,294402.49,30,3,1,East,0,0.22,64768.5478
77,50,47,1,4179.98,23705.76,172,4,0,West,0,0.445,10549.063199999999
78,68,20,17,319.28,97588.21,15,1,0,North,0,0.14,13662.349400000003
79,32,58,20,737.95,126967.45,311,1,0,North,0,0.56,71101.77200000001
80,48,6,16,2843.07,142415.94,250,1,1,West,1,0.76,108236.1144
81,23,21,8,4413.17,54359.71,358,4,0,East,1,0.79,42944.170900000005
82,54,60,19,3377.34,102531.62,85,5,0,East,1,0.805,82537.9541
83,38,9,11,800.6,8920.62,262,1,0,East,0,0.15,1338.093
84,37,28,4,2688.76,37153.93,15,1,1,West,0,0.19,7059.2467
85,29,49,8,2789.08,10324.01,104,0,0,West,1,0.705,7278.427049999999
86,68,25,4,3455.14,68644.9,239,5,1,West,0,0.18,12356.081999999999
87,62,48,10,4529.11,56231.44,120,1,1,West,0,0.46,25866.462400000004
88,21,39,1,719.65,63206.6,174,2,1,West,0,0.095,6004.6269999999995
89,22,37,17,1452.18,189335.19,49,3,1,North,0,0.295,55853.881049999996
90,31,32,18,3663.56,2733.39,278,5,0,East,0,0.175,478.34324999999995
91,39,47,14,883.53,209879.6,66,5,0,West,1,0.705,147965.118
92,48,32,18,3568.64,262979.15,248,4,1,West,1,0.825,216957.79875000002
93,19,52,5,3157.84,187267.41,304,5,0,East,1,0.75,140450.5575
94,58,32,8,1196.48,29259.84,258,2,1,East,0,0.22,6437.1648000000005
95,39,10,13,2841.18,10592.36,41,5,0,East,1,0.69,7308.7284
96,31,42,14,1479.2,107807.88,177,0,0,East,0,0.16,17249.2608
97,19,22,14,1833.65,70292.27,107,1,0,West,1,0.365,25656.67855
98,63,30,18,4360.09,15183.0,185,0,0,East,0,0.105,1594.215
99,38,23,15,2692.91,109045.73,104,4,1,North,0,0.155,16902.08815
100,19,2,2,1185.76,226375.19,15,2,0,West,0,0.17,38483.782300000006
101,19,59,17,634.4,18049.38,21,1,0,East,1,0.805,14529.750900000001
102,43,19,3,3691.69,61402.29,94,3,0,South,1,0.235,14429.538149999998
103,63,7,19,1282.84,79866.65,57,4,1,South,0,0.135,10781.99775
104,39,10,12,2577.65,345424.69,337,1,1,South,0,0.2,69084.93800000001
105,34,11,20,1887.33,31338.26,170,1,1,South,0,0.155,4857.4303
106,28,60,9,404.92,129500.16,27,0,0,South,0,0.18,23310.0288
107,53,24,20,4052.77,9086.46,139,0,0,North,1,0.735,6678.548099999999
108,58,17,3,3474.82,16073.94,169,4,0,North,1,0.56,9001.406400000002
109,22,3,19,3030.76,65196.79,132,3,0,East,0,0.115,7497.6308500000005
110,57,4,1,357.61,5907.69,110,5,1,East,0,0.14,827.0766
111,61,47,9,4438.53,33785.5,125,0,1,South,1,0.255,8615.3025
112,48,40,11,3787.93,14957.45,218,0,0,West,0,0.175,2617.55375
113,52,21,16,4016.65,367740.26,120,0,1,South,0,0.135,49644.9351
114,61,56,5,1415.78,68325.76,325,4,0,North,0,0.195,13323.5232
115,31,58,1,1229.97,8178.96,26,2,0,North,0,0.215,1758.4764
116,35,24,20,3602.38,243195.82,188,4,1,East,1,0.835,203068.5097
117,27,44,2,1488.35,18584.07,202,2,1,West,0,0.19,3530.9733
118,47,41,16,3605.94,72109.47,141,1,0,East,1,0.765,55163.74455
119,20,48,16,2722.17,120799.17,101,3,0,South,0,0.12,14495.900399999999
120,51,52,9,2576.15,92216.64,231,5,1,South,0,0.17,15676.828800000001
121,67,44,17,4939.42,43008.59,206,5,0,West,0,0.645,27740.540549999998
122,66,38,9,809.13,124599.18,66,2,1,North,0,0.195,24296.8401
123,43,6,1,3973.28,94530.95,149,0,1,South,0,0.12,11343.714
124,41,3,17,836.45,12492.56,55,0,0,North,0,0.15,1873.8839999999998
125,69,46,18,4977.24,16960.05,36,3,1,West,0,0.29,4918.4145
126,61,5,18,1466.44,130978.48,55,1,1,South,1,0.735,96269.1828
127,27,24,8,3726.17,130882.03,77,5,1,West,0,0.115,15051.43345
128,38,32,10,4483.69,135095.89,157,1,1,North,1,0.83,112129.58870000001
129,40,6,5,3869.1,60230.56,54,5,0,East,1,0.735,44269.461599999995
130,52,3,6,1372.29,19969.73,271,2,1,West,1,0.875,17473.51375
131,26,14,13,1939.09,15763.74,72,1,1,East,0,0.11,1734.0114
132,57,4,1,4785.33,98282.61,346,1,0,East,1,0.79,77643.2619
133,48,48,6,4669.6,263992.42,29,3,0,South,0,0.175,46198.6735
134,60,17,20,458.51,58851.65,243,0,0,West,1,0.71,41784.6715
135,60,18,2,2068.87,268979.64,216,1,0,North,1,0.83,223253.1012
136,54,40,4,4916.4,187106.81,152,1,1,North,1,0.89,166525.0609
137,43,1,12,3985.82,43796.92,179,1,1,North,1,0.53,23212.3676
138,26,27,14,768.36,25552.81,78,5,0,East,0,0.345,8815.71945
139,60,31,2,4910.28,49787.42,143,4,0,East,1,0.85,42319.307
140,69,20,15,3215.89,17855.14,6,2,0,East,1,0.57,10177.429799999998
141,21,59,14,2173.45,3509.13,31,3,1,North,1,0.83,2912.5778999999998
142,65,58,3,3354.43,296144.73,249,0,0,West,1,0.77,228031.4421
143,32,11,2,4757.71,87718.5,359,0,0,West,1,0.83,72806.355
144,67,17,11,4585.57,452154.56,86,4,0,West,0,0.095,42954.6832
145,36,50,2,4556.66,31614.33,286,4,1,West,1,0.83,26239.8939
146,21,38,19,3881.29,18370.19,339,4,1,South,1,0.785,14420.59915
147,20,55,7,216.17,464202.25,324,1,0,South,1,0.83,385287.8675
148,59,3,18,1016.28,98674.7,341,0,1,South,0,0.155,15294.5785
149,29,18,17,1586.58,142226.39,158,4,0,West,0,0.115,16356.034850000002
150,33,36,3,4305.38,333783.09,209,5,0,East,0,0.2,66756.618
151,33,32,16,1427.17,47837.76,125,0,1,South,0,0.12,5740.5312
152,26,57,4,952.77,33372.86,182,4,0,South,0,0.165,5506.521900000001
153,62,29,17,3820.47,23417.41,134,3,1,East,1,0.745,17445.97045
154,29,58,4,4678.74,16092.55,100,3,0,South,1,0.79,12713.1145
155,42,9,7,1094.63,70745.44,307,1,1,West,1,0.82,58011.2608
156,53,10,17,2772.48,134681.62,139,0,1,North,1,0.785,105725.0717
157,66,3,9,4996.71,61327.04,94,1,0,North,1,0.885,54274.430400000005
158,40,32,7,995.36,155825.93,57,4,0,West,0,0.2,31165.186
159,59,16,20,509.4,96410.04,210,0,1,East,1,0.47,45312.718799999995
160,32,4,11,2203.44,43011.93,338,0,0,North,0,0.12,5161.4316
161,65,39,11,3926.77,46040.86,219,4,1,North,0,0.115,5294.6989
162,20,8,10,679.97,12422.83,243,3,0,South,1,0.76,9441.3508
163,41,12,12,1557.85,170160.53,350,3,1,West,1,0.79,134426.8187
164,20,54,6,3778.03,44063.45,239,3,1,West,0,0.15,6609.517499999999
165,46,54,18,3121.46,40315.57,3,4,1,South,0,0.175,7055.224749999999
166,64,45,2,636.21,26942.75,211,3,1,West,1,0.83,22362.4825
167,46,15,13,1496.42,301120.78,311,3,0,South,0,0.1,30112.078000000005
168,53,54,10,3457.29,258565.02,108,2,1,South,1,0.76,196509.4152
169,23,17,1,2043.52,329979.47,79,5,1,East,0,0.28,92394.2516
170,67,33,19,303.23,54268.22,262,1,0,North,0,0.13,7054.868600000001
171,36,43,10,1225.67,203650.55,262,5,0,South,0,0.18,36657.098999999995
172,28,36,8,891.14,32659.06,134,3,1,South,0,0.195,6368.5167
173,35,21,15,2738.3,95950.84,15,4,0,East,0,0.11,10554.5924
174,35,22,17,444.17,95573.74,220,3,0,West,0,0.155,14813.9297
175,60,27,16,2605.54,33811.9,164,3,0,North,0,0.365,12341.3435
176,46,42,17,4780.59,162173.27,135,5,1,North,1,0.77,124873.4179
177,34,10,18,4771.33,46318.01,110,0,0,West,0,0.2,9263.602
178,33,7,14,539.57,62105.75,275,3,0,North,0,0.125,7763.21875
179,57,44,9,4532.16,36426.06,61,1,1,South,0,0.14,5099.6484
180,48,22,2,1223.96,293937.15,42,5,1,North,0,0.14,41151.20100000001
181,65,49,8,1773.63,281732.32,89,5,1,North,0,0.165,46485.832800000004
182,46,2,11,2841.05,13920.23,175,1,1,East,1,0.795,11066.58285
183,70,53,8,1572.14,100371.72,292,2,0,West,1,0.8,80297.376
184,51,55,13,1689.35,209957.38,118,0,0,North,1,0.91,191061.2158
185,48,53,14,3166.87,63691.28,337,3,0,South,0,0.52,33119.4656
186,29,26,9,4826.19,61587.06,175,4,0,South,0,0.135,8314.2531
187,54,26,2,747.14,56641.09,68,0,1,East,0,0.175,9912.190749999998
188,20,17,4,730.05,10446.72,45,1,0,East,1,0.76,7939.5072
189,30,46,2,862.84,141168.35,153,2,0,East,0,0.165,23292.77775
190,22,4,20,4085.3,32528.21,112,1,1,West,1,0.76,24721.439599999998
191,18,59,17,1669.88,7896.24,138,3,0,East,1,0.79,6238.0296
192,49,17,13,1463.26,131989.99,82,2,0,North,0,0.145,19138.548549999996
193,57,40,1,748.99,118600.64,349,5,0,North,1,0.795,94287.50880000001
194,53,11,18,3883.85,40788.8,183,1,1,South,1,0.735,29979.768
195,54,2,2,1499.28,41988.86,169,3,0,North,1,0.73,30651.8678
196,62,36,9,2214.38,103054.6,217,3,1,North,0,0.15,15458.19
197,57,36,14,3375.22,32353.29,355,1,0,North,1,0.835,27014.99715
198,52,53,10,3222.08,34295.06,362,3,1,South,1,0.8,27436.048
199,40,49,16,2342.66,39573.52,136,1,0,South,1,0.29,11476.320799999998
200,46,52,14,3844.64,161324.88,101,2,1,West,0,0.495,79855.8156
201,61,22,7,2749.75,245965.48,278,1,0,North,1,0.805,198002.21140000003
202,64,51,13,3003.25,7828.21,185,0,0,South,0,0.155,1213.37255
203,53,49,2,4239.04,13746.78,124,5,0,North,0,0.19,2611.8882000000003
204,24,54,2,3847.47,64433.41,186,3,0,West,0,0.06,3866.0046
205,44,60,11,2947.19,105314.65,222,4,1,North,0,0.185,19483.21025
206,51,26,5,4723.67,12302.96,307,4,1,North,0,0.24,2952.7103999999995
207,42,45,8,2716.61,69388.93,48,5,0,South,0,0.11,7632.782299999999
208,35,51,5,3198.34,62928.49,212,2,0,North,1,0.76,47825.6524
209,46,27,13,3573.35,141796.93,248,0,1,West,0,0.485,68771.51105
210,33,53,10,3404.48,260458.59,128,3,1,East,0,0.43,111997.1937
211,49,3,10,1556.67,450146.25,16,5,1,East,1,0.33,148548.2625
212,42,51,18,3698.08,5421.8,195,2,1,South,0,0.125,677.725
213,21,44,10,829.46,158517.9,227,2,0,East,1,0.785,124436.5515
214,40,38,16,880.33,26720.97,42,2,0,North,1,0.48,12826.0656
215,59,47,11,1415.27,71436.69,218,5,1,South,0,0.145,10358.32005
216,49,39,9,840.29,191018.69,107,1,0,West,1,0.625,119386.68125
217,18,59,17,867.83,120381.27,257,2,0,South,1,0.775,93295.48425000001
218,37,31,10,3645.2,6395.49,17,5,1,South,0,0.12,767.4588
219,38,31,8,1859.57,84261.45,148,4,1,North,0,0.425,35811.11625
220,52,30,11,442.73,122794.07,131,3,0,North,0,0.18,22102.9326
221,34,36,2,2987.46,112096.24,110,4,1,East,1,0.715,80148.8116
222,53,21,13,1326.41,45493.96,92,4,1,North,1,0.255,11600.9598
223,51,52,8,1634.0,166552.88,134,5,0,West,0,0.22,36641.6336
224,67,9,18,293.11,19705.92,50,4,1,South,0,0.175,3448.5359999999996
225,38,50,20,2557.76,65597.82,251,1,0,South,0,0.18,11807.607600000001
226,18,1,1,1142.03,199979.21,282,1,0,South,1,0.85,169982.32849999997
227,49,17,13,1290.16,85596.05,88,0,1,North,0,0.145,12411.427249999999
228,59,52,18,4489.98,66108.14,65,1,0,West,1,0.75,49581.104999999996
229,35,56,13,1930.88,321816.2,57,5,0,West,0,0.19,61145.078
230,32,30,13,3848.42,241592.82,288,5,0,North,0,0.13,31407.066600000002
231,38,39,2,1798.63,60911.87,115,0,0,West,0,0.125,7613.98375
232,28,19,20,4255.97,23983.66,97,4,1,East,0,0.115,2758.1209
233,25,16,17,2472.99,96441.77,130,2,0,North,1,0.74,71366.90980000001
234,64,6,17,3773.87,56943.04,178,2,0,West,1,0.79,44985.0016
235,43,13,13,2373.09,59924.18,313,4,0,West,1,0.72,43145.4096
236,39,30,5,3400.4,33056.5,70,2,1,North,1,0.425,14049.012499999999
237,27,44,3,2717.54,26319.79,205,4,0,East,1,0.795,20924.233050000003
238,39,49,17,3487.05,474532.47,218,0,0,East,1,0.52,246756.88439999998
239,62,57,5,1199.03,34207.69,26,0,0,South,1,0.815,27879.26735
240,51,7,13,4087.21,46866.07,71,5,1,East,1,0.75,35149.5525
241,37,17,6,3086.13,48810.95,272,4,1,West,1,0.795,38804.70525
242,59,35,11,4496.82,207763.1,97,1,1,North,0,0.2,41552.62
243,43,44,4,4111.58,167190.14,100,0,0,East,0,0.12,20062.8168
244,19,48,17,4090.17,31089.41,115,2,1,South,0,0.16,4974.3056
245,49,24,4,3097.96,106789.63,340,0,0,West,0,0.415,44317.69645
246,19,37,19,3972.39,16051.02,290,4,0,East,0,0.23,3691.7346000000002
247,32,25,5,4485.81,123966.53,216,2,0,North,1,0.78,96693.8934
248,36,40,6,2359.41,123787.17,5,4,0,East,1,0.545,67464.00765
249,22,1,16,4187.96,144253.05,306,3,0,North,0,0.12,17310.365999999998
250,42,40,20,3993.08,4619.76,123,0,0,North,0,0.23,1062.5448000000001
251,20,21,12,4519.18,318616.4,109,3,1,North,0,0.11,35047.804000000004
252,33,54,11,362.48,172605.6,97,2,0,South,0,0.13,22438.728000000003
253,66,42,14,2019.21,37785.29,175,1,1,East,0,0.145,5478.86705
254,46,41,16,4091.06,101978.87,112,0,1,North,0,0.17,17336.407900000002
255,21,9,10,4791.33,170451.61,182,2,1,North,0,0.325,55396.77325
256,18,5,8,3240.01,11168.25,196,1,0,West,0,0.155,1731.07875
257,48,27,10,4771.19,45550.25,342,3,0,North,0,0.39,17764.5975
258,23,8,8,2149.8,335599.11,11,1,1,West,1,0.85,285259.2435
259,67,36,4,4918.58,66328.06,58,2,1,North,1,0.81,53725.7286
260,44,36,10,3134.61,78281.52,310,3,1,South,0,0.33,25832.9016
261,64,23,5,269.94,95385.45,289,0,0,East,0,0.38,36246.471
262,56,41,4,4787.87,8729.07,80,0,1,East,0,0.42,3666.2093999999997
263,32,10,1,3038.48,122780.03,118,1,0,West,0,0.165,20258.70495
264,45,4,16,3619.09,44420.93,315,5,1,North,0,0.095,4219.98835
265,60,26,16,2427.33,31852.51,159,5,1,South,1,0.805,25641.27055
266,48,39,10,2116.75,218083.85,33,4,1,West,0,0.465,101408.99025
267,34,59,19,3842.47,220041.84,9,5,0,South,1,0.795,174933.2628
268,62,30,19,1087.18,4180.18,115,1,0,West,1,0.77,3218.7386
269,64,13,10,3688.31,99693.55,334,2,1,East,0,0.165,16449.43575
270,24,27,17,4039.47,79553.77,295,5,0,South,0,0.1,7955.377
271,46,37,9,1824.56,135304.54,208,2,1,North,0,0.175,23678.2945
272,33,16,8,1135.06,158487.5,14,1,0,West,0,0.235,37244.5625
273,65,34,2,3857.35,155535.06,187,1,0,North,1,0.805,125205.72330000001
274,59,26,16,3187.85,316441.5,3,1,0,East,0,0.21,66452.715
275,31,57,19,3825.55,31859.33,54,5,0,East,0,0.18,5734.6794
276,50,33,18,4185.93,213971.99,159,4,1,South,0,0.475,101636.69524999999
277,31,22,2,1426.02,27752.89,201,4,0,South,0,0.18,4995.5202
278,56,59,14,2806.13,190244.12,131,2,0,East,1,0.395,75146.4274
279,36,7,9,4681.98,57713.26,133,1,0,West,1,0.825,47613.4395
280,26,21,5,1057.77,8803.96,101,1,1,East,0,0.155,1364.6137999999999
281,54,50,1,3860.91,30029.75,308,5,0,South,0,0.41,12312.197499999998
282,66,49,7,999.44,374929.81,10,5,1,West,1,0.53,198712.7993
283,47,29,15,1478.83,33367.74,255,2,1,North,0,0.14,4671.4836000000005
284,23,23,11,3191.98,143600.43,99,3,1,South,0,0.09,12924.0387
285,56,46,13,4397.27,117208.49,223,5,1,North,1,0.795,93180.74955000001
286,47,7,18,4996.56,14159.8,91,4,1,North,1,0.845,11965.030999999999
287,20,46,13,4237.3,35956.69,137,3,1,North,0,0.075,2696.75175
288,36,53,7,235.35,12391.36,42,1,0,South,0,0.215,2664.1424
289,66,46,1,3920.1,100792.87,169,1,1,South,0,0.175,17638.752249999998
290,26,33,4,2016.07,83325.79,279,5,0,North,0,0.275,22914.59225
291,69,51,7,811.3,71072.33,335,2,0,South,0,0.21,14925.1893
292,55,23,16,3238.89,153036.95,283,5,0,West,0,0.21,32137.7595
293,63,24,9,4441.06,17467.39,307,4,0,East,0,0.55,9607.0645
294,54,24,19,2472.59,74486.7,197,3,1,East,1,0.795,59216.9265
295,66,48,5,4302.59,29479.41,194,2,1,South,0,0.335,9875.602350000001
296,35,6,9,4683.61,205598.25,94,4,0,East,0,0.11,22615.8075
297,51,49,4,2530.6,496536.9,27,2,0,South,1,0.44,218476.236
298,61,37,12,391.91,44870.69,67,1,0,South,0,0.13,5833.189700000001
299,69,11,1,2730.05,35326.72,101,0,1,South,1,0.42,14837.2224
300,65,28,12,2648.8,212470.99,5,2,1,East,0,0.36,76489.55639999999
301,29,12,7,819.83,220105.16,144,5,0,East,0,0.125,27513.145
302,43,41,20,4382.44,115244.72,107,4,1,South,0,0.14,16134.260800000002
303,24,48,12,2523.63,30051.64,186,2,1,East,0,0.14,4207.229600000001
304,64,16,14,3221.61,31212.95,71,1,1,North,0,0.21,6554.7195
305,34,41,9,772.85,45068.13,120,4,1,North,0,0.13,5858.8569
306,41,19,4,4486.22,67996.22,222,1,0,North,1,0.87,59156.7114
307,29,54,16,1590.67,9046.59,98,5,1,East,0,0.2,1809.3180000000002
308,55,51,2,3833.44,181471.6,193,2,0,South,1,0.37,67144.492
309,29,26,9,3927.86,4082.99,33,2,1,South,0,0.115,469.54385
310,46,1,10,1825.01,50147.85,299,5,1,West,1,0.62,31091.666999999998
311,48,28,11,1987.61,3400.11,238,1,0,South,1,0.56,1904.0616000000002
312,18,33,13,3099.62,52511.18,326,3,0,North,1,0.72,37808.0496
313,34,7,13,3892.01,187317.38,240,1,1,East,1,0.555,103961.14590000002
314,68,42,13,4595.81,39588.43,117,3,1,West,0,0.13,5146.4959
315,57,30,5,2996.42,93175.38,327,4,1,East,1,0.495,46121.8131
316,56,4,2,1466.74,14628.97,76,0,0,North,0,0.16,2340.6352
317,64,1,8,4936.1,192571.24,26,5,1,East,1,0.82,157908.41679999998
318,25,14,15,4462.81,27328.12,264,3,1,North,0,0.22,6012.1864
319,62,39,14,2305.84,50364.55,241,4,0,East,0,0.46,23167.693000000003
320,59,4,19,2022.82,28779.91,202,1,1,West,1,0.575,16548.448249999998
321,61,51,15,993.89,106928.78,198,5,1,West,1,0.8,85543.024
322,65,28,13,3990.46,8836.98,276,3,1,South,0,0.495,4374.3051
323,70,19,12,311.87,71169.93,218,0,0,West,0,0.2,14233.985999999999
324,54,13,20,1371.67,55689.75,153,3,1,South,0,0.115,6404.32125
325,32,59,2,1896.41,88089.01,157,5,0,North,0,0.155,13653.79655
326,62,51,14,4509.29,29340.03,304,0,1,North,0,0.205,6014.706149999999
327,39,57,9,2145.52,71777.02,0,5,0,North,0,0.19,13637.633800000001
328,26,48,11,1231.68,62739.65,172,1,1,East,0,0.315,19762.98975
329,57,18,5,1114.6,10212.69,158,1,1,East,0,0.375,3829.75875
330,23,41,2,1824.75,33676.38,344,1,0,North,0,0.18,6061.7483999999995
331,52,17,9,1854.09,17299.21,125,0,0,South,1,0.79,13666.3759
332,36,23,17,609.85,73144.0,138,4,0,North,0,0.15,10971.6
333,65,33,1,2455.4,7733.42,200,4,0,North,1,0.39,3016.0338
334,68,46,18,1274.06,30349.26,325,1,1,East,1,0.755,22913.6913
335,40,53,2,4332.57,4304.37,232,3,0,East,1,0.785,3378.93045
336,70,28,6,709.01,233013.47,23,3,0,West,1,0.8,186410.776
337,33,12,2,4624.17,41122.31,363,4,1,North,0,0.14,5757.1234
338,38,4,3,2637.28,9474.13,200,5,1,East,0,0.135,1279.00755
339,25,10,8,2137.46,59063.55,39,3,0,East,0,0.145,8564.21475
340,44,7,2,478.92,3528.49,116,3,0,East,1,0.77,2716.9373
341,64,21,3,2608.88,36879.86,144,2,1,West,0,0.205,7560.3713
342,21,46,13,4050.56,31651.08,144,2,1,South,1,0.71,22472.2668
343,38,40,2,2496.43,16195.99,165,2,1,East,0,0.115,1862.5388500000001
344,47,29,15,1493.96,59824.79,348,4,1,North,1,0.81,48458.079900000004
345,25,24,10,1323.54,334888.33,161,1,1,West,1,0.755,252840.68915000002
346,61,45,5,4535.79,263446.18,89,2,0,East,0,0.095,25027.3871
347,23,25,15,2634.61,173084.22,184,5,0,South,0,0.31,53656.1082
348,26,38,14,2364.82,170246.52,2,0,1,South,1,0.825,140453.379
349,36,28,5,3840.57,15324.02,194,4,0,South,1,0.715,10956.6743
350,23,54,3,472.28,15925.16,200,1,0,South,1,0.795,12660.5022
351,58,44,7,2710.83,73354.43,101,2,1,North,0,0.14,10269.6202
352,68,52,10,3524.42,25100.11,73,5,0,South,0,0.445,11169.54895
353,37,54,7,4744.14,31554.87,9,4,0,South,0,0.2,6310.974
354,21,27,1,3546.52,76104.81,166,4,0,East,1,0.7,53273.367
355,18,1,1,336.57,20729.64,262,4,1,North,1,0.805,16687.3602
356,38,21,11,3215.42,301864.67,252,4,1,South,0,0.29,87540.75429999999
357,21,5,5,4067.8,146707.92,125,1,0,West,1,0.76,111498.01920000001
358,64,17,16,305.33,184668.54,192,5,1,West,1,0.725,133884.69150000002
359,56,20,9,866.93,141768.5,155,2,0,South,1,0.7,99237.95
360,54,3,4,3511.71,311990.14,72,0,0,North,0,0.185,57718.1759
361,63,2,11,2871.57,31054.81,220,5,1,West,1,0.875,27172.95875
362,27,22,6,1869.05,54608.98,183,1,0,South,1,0.43,23481.8614
363,23,13,15,295.89,315160.81,47,4,1,West,0,0.125,39395.10125
364,53,44,13,4636.22,50685.61,294,0,1,East,0,0.415,21034.52815
365,48,1,7,3266.47,14799.52,271,1,0,North,0,0.22,3255.8944
366,57,16,2,2668.15,26592.78,332,2,0,North,1,0.53,14094.1734
367,22,60,15,3103.96,144455.82,282,5,0,North,0,0.125,18056.9775
368,59,39,18,2600.09,76396.6,15,0,0,West,0,0.175,13369.405
369,30,10,3,606.55,4812.05,132,4,1,East,0,0.155,745.86775
370,19,21,14,1418.98,110647.02,115,2,1,South,0,0.12,13277.6424
371,29,46,5,3603.07,83417.76,240,0,0,North,1,0.4,33367.104
372,30,41,14,2274.66,4361.47,35,3,1,West,0,0.495,2158.92765
373,67,2,7,2484.62,245162.73,17,2,0,South,0,0.18,44129.2914
374,50,45,18,1228.38,71210.3,353,0,0,West,1,0.85,60528.755
375,30,34,2,3559.02,48035.25,173,2,0,South,0,0.1,4803.525000000001
376,28,37,9,1899.12,24423.58,187,1,0,South,1,0.855,20882.160900000003
377,59,31,4,1384.96,46187.61,202,3,0,South,0,0.12,5542.513199999999
378,44,31,1,3288.04,55170.0,146,2,1,North,0,0.295,16275.15
379,33,44,15,2871.49,38606.36,240,5,1,East,0,0.13,5018.8268
380,37,55,9,2611.42,18183.72,57,0,1,East,1,0.77,14001.4644
381,38,53,5,3057.31,32482.22,147,0,0,East,1,0.8,25985.776
382,35,1,1,394.31,22490.02,107,1,0,North,1,0.785,17654.6657
383,37,24,18,1335.59,70679.11,193,2,1,South,1,0.34,24030.8974
384,50,50,7,640.95,96467.61,210,1,0,North,1,0.835,80550.45435
385,43,33,6,3258.78,73180.97,304,2,1,North,0,0.16,11708.9552
386,61,21,7,2599.42,28840.53,62,4,0,South,1,0.795,22928.22135
387,44,46,6,1084.4,24367.28,58,2,1,South,1,0.83,20224.842399999998
388,46,55,19,4524.88,191396.37,13,0,1,South,1,0.75,143547.2775
389,49,29,13,3184.11,99675.75,276,0,0,North,0,0.21,20931.907499999998
390,40,40,20,298.01,9370.27,302,5,0,South,1,0.77,7215.107900000001
391,30,50,8,2702.99,89061.18,257,0,0,North,0,0.16,14249.788799999998
392,21,23,13,4762.35,79111.45,290,5,0,East,0,0.12,9493.374
393,60,52,19,286.33,107305.88,147,3,1,West,0,0.135,14486.293800000001
394,40,21,9,565.9,22854.29,137,2,1,East,0,0.285,6513.47265
395,62,15,15,4037.9,19693.36,59,2,1,North,1,0.81,15951.621600000002
396,47,49,7,1136.52,9168.73,219,4,1,West,1,0.805,7380.82765
397,36,40,5,1289.43,120147.95,85,2,1,South,1,0.74,88909.483
398,50,53,11,4684.69,34400.21,66,2,0,West,0,0.125,4300.02625
399,29,5,16,2909.19,165005.61,309,0,0,North,0,0.12,19800.673199999997
400,18,36,19,4252.75,107406.15,213,4,0,South,1,0.755,81091.64325
401,38,21,10,2463.09,152614.83,317,5,1,North,0,0.15,22892.224499999997
402,63,45,4,2884.52,172331.07,11,4,0,West,1,0.84,144758.0988
403,63,49,10,4378.99,125101.66,288,2,0,East,0,0.145,18139.7407
404,21,55,8,1069.16,104734.04,180,5,0,South,1,0.8,83787.232
405,54,8,11,1924.16,82772.01,324,2,1,East,1,0.715,59181.98714999999
406,59,49,14,385.23,17058.07,132,1,0,West,0,0.135,2302.83945
407,53,10,16,2554.0,11651.33,265,2,0,South,0,0.19,2213.7527
408,38,45,12,2972.26,50922.84,295,1,1,North,1,0.76,38701.3584
409,68,10,19,666.25,184946.92,11,3,1,South,0,0.42,77677.7064
410,27,11,8,1363.12,68011.86,248,4,0,West,0,0.095,6461.1267
411,23,23,12,3669.89,173027.24,145,2,1,West,1,0.755,130635.56619999999
412,64,18,17,1103.16,111034.07,107,4,0,East,0,0.385,42748.11695
413,67,19,15,3351.6,40306.26,181,2,1,East,0,0.125,5038.2825
414,27,54,19,4467.9,113382.02,71,3,0,East,0,0.115,13038.9323
415,69,18,10,3225.93,49892.85,113,1,0,East,1,0.865,43157.31525
416,27,21,4,4477.52,373574.4,268,3,0,South,0,0.105,39225.312
417,40,22,11,2483.65,191922.84,156,0,0,West,1,0.77,147780.5868
418,33,57,17,1209.39,216768.15,276,0,0,South,1,0.81,175582.2015
419,47,46,3,2016.96,47811.12,93,2,1,East,1,0.72,34424.0064
420,57,40,2,2108.96,223185.33,264,3,0,West,0,0.17,37941.5061
421,57,52,2,4362.39,17911.03,145,0,0,North,1,0.815,14597.489449999997
422,50,59,1,974.34,74932.59,238,1,1,East,1,0.825,61819.38674999999
423,29,24,7,1917.28,118840.26,243,1,0,East,0,0.16,19014.4416
424,40,51,20,2334.16,60586.33,115,3,1,North,1,0.78,47257.337400000004
425,30,59,3,3963.51,14224.94,90,5,1,West,1,0.78,11095.4532
426,37,31,9,3048.07,162392.37,349,3,1,East,0,0.565,91751.68904999999
427,32,9,18,4554.96,133333.2,159,5,0,West,0,0.165,21999.978000000003
428,66,35,2,3311.51,10695.94,70,0,1,West,0,0.175,1871.7894999999999
429,31,6,15,1334.38,34953.47,158,3,1,East,0,0.04,1398.1388000000002
430,24,26,15,1907.09,369673.92,8,1,1,South,0,0.625,231046.19999999998
431,66,16,12,933.08,12325.56,56,2,1,North,1,0.79,9737.1924
432,18,18,10,2935.87,29365.05,187,4,1,North,0,0.185,5432.53425
433,54,54,9,2119.39,143452.72,223,4,1,East,0,0.365,52360.2428
434,31,32,18,4382.35,291139.14,299,3,1,South,1,0.7,203797.398
435,27,17,17,2019.69,89436.08,336,2,0,East,1,0.835,74679.1268
436,55,14,20,1322.02,40120.86,0,3,0,North,0,0.12,4814.5032
437,50,27,8,3031.18,59804.52,333,0,1,West,0,0.465,27809.1018
438,25,50,15,654.74,45251.41,311,3,0,West,0,0.105,4751.39805
439,60,18,1,1079.63,504046.23,349,5,1,South,0,0.185,93248.55255
440,54,24,18,818.78,34321.22,223,3,0,South,1,0.3,10296.366
441,58,5,2,1075.02,295866.06,3,2,0,East,0,0.115,34024.596900000004
442,57,57,10,2809.8,72644.58,9,1,1,North,1,0.835,60658.2243
443,20,51,2,4205.4,91236.0,130,3,0,East,0,0.16,14597.76
444,33,35,1,2583.64,49746.77,52,5,0,South,0,0.11,5472.1447
445,38,56,11,3875.77,37171.07,41,4,1,North,1,0.665,24718.761550000003
446,34,33,16,1028.51,75262.13,147,0,1,South,1,0.26,19568.153800000004
447,60,28,19,1119.25,55121.51,32,2,1,West,0,0.165,9095.04915
448,31,28,11,1763.69,7886.0,98,1,0,West,0,0.175,1380.05
449,23,33,8,1947.02,20142.98,286,4,0,East,1,0.875,17625.1075
450,47,57,1,2023.08,87993.26,187,1,1,West,0,0.24,21118.3824
451,19,35,17,2426.17,193661.83,2,2,1,North,0,0.16,30985.892799999998
452,48,12,5,2707.14,75223.6,338,3,0,North,0,0.305,22943.198
453,61,22,7,3043.69,106250.51,61,4,0,East,1,0.73,77562.87229999999
454,40,2,17,449.49,306183.96,358,5,0,North,0,0.205,62767.7118
455,22,33,10,3313.49,162153.62,170,3,1,West,0,0.135,21890.7387
456,22,22,12,3877.05,26902.34,26,2,0,East,1,0.82,22059.9188
457,25,17,19,4390.24,19100.54,49,1,0,East,0,0.14,2674.0756000000006
458,70,22,17,401.91,234353.31,361,4,0,North,1,0.77,180452.0487
459,47,5,14,652.85,33057.65,148,5,0,South,0,0.075,2479.32375
460,60,52,18,4104.72,139922.59,126,0,1,East,0,0.15,20988.388499999997
461,22,19,6,2139.34,138352.12,294,1,0,South,1,0.83,114832.25959999999
462,68,37,4,359.84,53053.07,48,3,0,North,0,0.155,8223.22585
463,63,15,13,1981.04,15747.78,348,0,1,South,1,0.53,8346.323400000001
464,55,16,3,4770.99,178827.24,196,4,0,North,0,0.17,30400.6308
465,42,45,7,1936.14,112054.09,187,3,1,West,0,0.135,15127.302150000001
466,40,51,19,748.51,298736.77,121,0,0,North,1,0.87,259900.98990000002
467,29,45,1,234.99,274519.91,277,1,1,North,0,0.155,42550.58605
468,27,33,4,1562.28,51951.31,162,1,1,East,0,0.11,5714.6440999999995
469,59,54,3,4524.36,11694.99,56,0,0,North,1,0.825,9648.36675
470,26,59,8,4740.11,51670.13,29,1,0,East,0,0.19,9817.3247
471,54,50,3,342.41,50537.29,361,2,0,East,0,0.21,10612.830899999999
472,41,50,16,2475.04,6486.58,325,5,0,North,0,0.18,1167.5844
473,33,35,20,531.59,49323.24,91,3,1,North,1,0.715,35266.116599999994
474,70,16,6,3779.9,122212.39,273,2,1,South,1,0.73,89215.0447
475,57,12,14,4335.23,75090.76,292,2,0,South,0,0.045,3379.0842
476,25,43,2,1486.03,41943.86,52,1,1,South,1,0.735,30828.7371
477,24,7,4,3048.89,30432.31,63,1,1,West,0,0.16,4869.1696
478,62,31,1,2793.62,263138.58,176,1,0,South,1,0.81,213142.24980000002
479,44,56,3,4636.24,25020.28,37,4,1,West,1,0.825,20641.730999999996
480,68,43,15,2488.89,53194.28,163,5,1,North,0,0.415,22075.6262
481,47,22,2,1923.41,144812.71,311,3,1,West,0,0.125,18101.58875
482,35,4,6,1446.99,129500.95,71,1,1,West,1,0.765,99068.22675
483,33,6,11,2539.83,49547.78,267,3,1,South,0,0.085,4211.5613
484,38,59,15,3674.29,10528.86,184,2,1,East,0,0.185,1947.8391000000001
485,37,50,1,2982.28,215881.01,267,0,0,North,0,0.205,44255.60705
486,57,46,13,3949.61,38967.69,42,4,1,East,0,0.155,6039.9919500000005
487,34,17,9,1719.21,104870.21,235,3,0,West,0,0.25,26217.5525
488,46,30,18,4097.36,18284.56,104,2,0,West,0,0.195,3565.4892000000004
489,55,41,5,622.72,256648.03,1,4,0,South,1,0.82,210451.3846
490,64,16,14,3295.43,104006.23,362,1,1,North,1,0.745,77484.64134999999
491,63,43,20,4225.88,13888.35,157,0,0,East,0,0.095,1319.39325
492,32,29,11,740.05,28661.18,186,1,0,West,0,0.22,6305.4596
493,31,6,13,4748.29,119171.01,52,2,1,South,0,0.095,11321.24595
494,43,46,8,3187.47,460860.88,33,0,0,South,1,0.345,158997.0036
495,44,1,11,2915.54,87523.63,318,3,0,South,0,0.305,26694.707150000002
496,37,23,16,3480.54,35559.8,294,3,0,North,0,0.13,4622.774
497,47,25,8,2836.86,351745.97,147,0,0,West,0,0.195,68590.46415
498,63,35,6,2990.37,31453.46,71,2,0,North,1,0.8,25162.768
499,31,56,18,3328.41,10220.06,165,2,0,South,0,0.135,1379.7081
500,26,30,19,1203.21,33036.59,64,1,0,West,0,0.355,11727.989449999997
501,19,54,8,694.19,106903.35,213,0,1,West,0,0.125,13362.91875
502,47,16,13,2376.6,32859.98,28,1,0,South,0,0.15,4928.997
503,49,50,7,1049.29,139767.65,238,5,1,East,0,0.215,30050.044749999997
504,40,25,15,2468.99,18645.52,153,1,1,West,1,0.845,15755.4644
505,56,27,2,4748.87,14688.51,11,5,0,North,0,0.19,2790.8169000000003
506,64,37,9,1655.48,22351.6,185,1,1,West,1,0.825,18440.069999999996
507,62,57,4,4888.63,23016.89,224,5,1,North,0,0.2,4603.378
508,42,54,3,4103.69,109338.54,160,4,0,West,0,0.185,20227.6299
509,56,41,4,4760.65,51442.3,260,3,1,West,0,0.115,5915.864500000001
510,18,9,13,3829.44,17070.37,246,2,1,South,0,0.22,3755.4813999999997
511,28,16,14,2859.03,98450.01,34,1,1,West,0,0.13,12798.5013
512,19,24,18,1372.93,66616.0,173,2,1,West,0,0.13,8660.08
513,68,38,6,2780.92,186628.77,210,2,1,South,1,0.795,148369.87215
514,35,16,6,3188.07,74136.17,339,3,0,North,0,0.385,28542.42545
515,41,59,10,2849.29,149369.85,206,5,1,West,0,0.15,22405.4775
516,33,57,17,1597.5,14392.74,315,4,0,East,1,0.775,11154.3735
517,46,26,12,2409.96,192429.66,181,1,1,North,1,0.885,170300.24910000002
518,55,30,6,4932.99,19546.18,99,1,1,North,1,0.885,17298.369300000002
519,41,34,10,3675.06,92755.89,301,1,0,South,0,0.24,22261.4136
520,32,31,15,1075.64,131917.43,201,0,1,East,1,0.74,97618.8982
521,19,34,14,4118.81,226131.11,170,3,0,West,0,0.15,33919.6665
522,51,43,13,501.77,71223.15,44,0,0,West,1,0.39,27777.0285
523,49,10,1,3073.68,451031.58,49,2,0,South,0,0.175,78930.52649999999
524,29,42,17,747.75,20463.78,326,3,1,South,1,0.915,18724.3587
525,61,14,14,3681.62,225005.48,326,0,1,East,0,0.105,23625.5754
526,43,38,13,1743.08,140636.35,344,1,0,West,1,0.88,123759.98800000001
527,68,59,2,1897.13,271340.83,353,3,0,West,0,0.515,139740.52745000002
528,62,15,14,3021.42,17593.67,91,2,1,North,1,0.63,11084.012099999998
529,34,24,2,684.69,74198.33,344,1,1,West,1,0.495,36728.17335
530,45,7,20,3035.96,31869.45,226,5,1,East,1,0.42,13385.169
531,35,29,8,2520.99,186588.01,362,0,0,East,0,0.185,34518.78185
532,59,60,12,4999.54,12034.0,69,5,0,West,1,0.835,10048.39
533,52,6,11,1548.88,268267.02,12,2,0,South,0,0.105,28168.0371
534,34,10,17,3109.79,63162.66,53,0,1,East,0,0.145,9158.5857
535,42,58,8,537.19,93644.63,252,3,1,South,1,0.37,34648.513100000004
536,25,25,12,3869.03,21353.48,79,5,0,South,0,0.135,2882.7198000000003
537,21,36,17,1573.24,23363.92,115,4,1,East,1,0.8,18691.136
538,41,47,12,2346.85,117610.53,237,2,0,East,1,0.77,90560.1081
539,44,15,15,4145.27,124981.28,65,5,0,East,0,0.135,16872.4728
540,55,45,12,3140.61,188479.72,321,0,0,East,0,0.13,24502.3636
541,18,59,18,1983.68,36473.91,312,4,1,East,1,0.815,29726.236650000003
542,19,42,8,4308.49,6879.34,361,2,0,East,1,0.755,5193.9017
543,56,25,18,332.37,145036.47,120,3,1,East,0,0.345,50037.582149999995
544,47,50,9,3543.63,77101.82,195,5,1,East,1,0.385,29684.200700000005
545,66,19,17,1400.11,265190.99,261,0,0,South,0,0.2,53038.198000000004
546,33,43,14,1248.6,43076.21,312,2,0,North,0,0.105,4523.00205
547,64,50,11,995.65,99360.6,295,4,0,North,0,0.2,19872.120000000003
548,70,9,14,4764.24,96561.8,299,5,1,West,1,0.805,77732.24900000001
549,30,41,14,1690.2,217883.06,207,5,0,South,1,0.35,76259.071
550,30,58,1,1705.33,86319.64,271,5,1,East,1,0.365,31506.668599999997
551,66,20,18,1931.48,23477.72,99,2,1,South,0,0.21,4930.3212
552,50,2,7,2945.97,150317.9,355,5,0,East,1,0.765,114993.1935
553,46,7,19,1953.68,33229.31,214,1,0,West,1,0.765,25420.42215
554,52,5,10,380.18,241534.75,363,5,0,West,1,0.835,201681.51625
555,49,13,6,3648.86,212881.83,7,4,1,South,0,0.415,88345.95945
556,54,40,4,330.51,168175.1,85,1,1,North,0,0.15,25226.265
557,36,1,1,473.76,4629.29,265,3,1,East,1,0.795,3680.28555
558,34,42,11,2935.0,26754.01,283,3,1,North,1,0.815,21804.518149999996
559,32,45,19,1918.84,2104.8,77,1,0,North,1,0.795,1673.3160000000003
560,66,53,13,2465.91,22362.44,229,2,1,South,0,0.455,10174.9102
561,22,29,2,412.69,177781.65,281,5,1,East,0,0.095,16889.25675
562,50,54,13,2258.46,37878.64,68,0,0,North,1,0.805,30492.305200000003
563,52,40,7,3580.34,32102.12,177,2,1,East,1,0.76,24397.6112
564,30,48,6,431.28,138364.97,349,5,0,South,1,0.78,107924.6766
565,54,54,9,1873.56,49486.9,360,3,1,North,1,0.755,37362.6095
566,65,40,12,4437.42,163898.12,294,0,0,South,0,0.16,26223.6992
567,21,33,11,4836.81,50186.53,346,2,1,West,0,0.195,9786.37335
568,53,34,17,2470.43,452811.96,293,1,0,North,1,0.875,396210.465
569,44,1,11,3532.07,23778.48,68,3,0,South,0,0.16,3804.5568
570,64,43,19,3091.79,4575.07,286,1,1,South,1,0.76,3477.0532
571,48,32,19,4950.93,20925.49,40,5,0,North,1,0.58,12136.7842
572,39,33,10,4005.6,52371.68,361,2,1,North,0,0.19,9950.619200000001
573,58,41,2,1930.47,59255.7,5,5,1,North,0,0.12,7110.683999999999
574,61,46,7,2199.01,2790.74,292,2,1,South,0,0.14,390.7036
575,42,24,12,3255.3,93742.91,66,4,0,North,0,0.135,12655.292850000002
576,20,4,3,2286.47,191273.47,211,4,0,South,1,0.75,143455.1025
577,46,7,20,2785.9,82458.87,299,0,1,East,0,0.145,11956.536149999998
578,39,22,12,4310.24,151756.08,314,1,1,North,1,0.805,122163.64439999999
579,23,12,13,2478.51,122410.14,306,1,0,South,1,0.555,67937.62770000001
580,18,42,8,4413.25,69682.99,182,0,0,East,0,0.21,14633.4279
581,45,3,13,583.07,33549.1,189,2,0,South,0,0.115,3858.1465
582,60,17,20,589.12,32183.96,193,4,0,East,0,0.15,4827.594
583,26,35,8,705.73,61517.47,287,4,0,North,0,0.11,6766.9217
584,30,50,9,3851.94,12798.27,130,4,1,North,0,0.29,3711.4982999999997
585,20,34,13,2402.73,116885.18,15,5,0,East,1,0.36,42078.6648
586,40,17,3,3601.55,4263.45,287,5,1,East,1,0.745,3176.27025
587,35,31,12,1296.6,117530.99,188,2,1,East,0,0.24,28207.4376
588,19,22,14,1996.65,137007.16,0,3,1,South,0,0.165,22606.1814
589,48,16,12,1065.48,7275.44,56,1,1,North,0,0.185,1345.9563999999998
590,32,36,4,290.89,106461.21,241,5,1,South,1,0.34,36196.811400000006
591,56,30,6,4007.08,93530.09,12,4,0,North,1,0.44,41153.2396
592,47,4,14,765.79,180926.17,333,4,0,West,0,0.21,37994.4957
593,43,4,18,1159.6,10615.31,130,4,1,East,0,0.125,1326.91375
594,48,8,18,4746.68,20156.47,178,2,0,North,0,0.245,4938.33515
595,61,54,20,1354.66,40071.93,102,4,1,South,0,0.165,6611.86845
596,46,30,17,2918.05,82183.12,63,5,1,West,1,0.47,38626.066399999996
597,33,29,10,244.35,247037.22,272,4,0,North,1,0.735,181572.3567
598,25,28,17,4300.17,54607.71,61,1,1,South,0,0.18,9829.387799999999
599,69,29,10,4447.29,19140.18,157,1,0,South,1,0.865,16556.2557
600,53,52,6,4034.41,43499.11,49,3,1,South,0,0.345,15007.192949999999
601,27,53,17,2392.25,368769.05,70,4,1,West,0,0.15,55315.3575
602,26,40,17,420.81,250054.92,14,0,0,East,0,0.455,113774.98860000001
603,63,6,18,574.66,314928.47,264,4,1,East,0,0.12,37791.416399999995
604,22,17,3,4185.43,65618.81,157,2,0,East,0,0.125,8202.35125
605,60,3,17,4983.53,42371.27,319,0,1,West,0,0.58,24575.336599999995
606,67,60,3,3848.02,103446.3,254,2,0,East,0,0.12,12413.556
607,23,35,12,907.3,4356.94,150,5,0,West,0,0.18,784.2491999999999
608,55,45,13,4553.6,125827.13,37,5,1,East,1,0.785,98774.29705000001
609,41,1,14,2295.74,7833.6,220,4,1,North,1,0.82,6423.552
610,37,60,18,2001.87,7203.41,254,2,1,East,0,0.15,1080.5114999999998
611,65,27,10,898.21,65151.1,81,0,1,North,1,0.785,51143.6135
612,36,36,19,4030.02,56434.88,19,2,1,East,0,0.14,7900.8832
613,25,2,15,2798.74,20285.02,331,4,1,South,1,0.865,17546.5423
614,34,22,17,790.39,3443.62,228,3,0,West,1,0.49,1687.3737999999998
615,45,1,10,2508.86,55054.69,97,1,0,East,1,0.83,45695.3927
616,32,45,18,1334.5,179761.09,169,3,0,West,0,0.11,19773.7199
617,21,12,16,1864.14,60991.41,39,0,0,South,1,0.745,45438.600450000005
618,39,33,10,4284.7,70504.25,165,2,1,South,0,0.295,20798.75375
619,41,14,17,1859.65,91284.1,364,5,0,South,0,0.235,21451.7635
620,19,20,11,3752.86,3037.58,359,1,1,North,0,0.24,729.0192
621,25,30,1,3570.18,60312.93,3,4,0,North,0,0.135,8142.245550000001
622,65,6,16,3203.34,51774.75,206,5,0,East,1,0.475,24593.00625
623,20,44,10,1190.69,59008.08,315,4,1,West,0,0.105,6195.8484
624,28,22,4,3892.4,95803.3,230,1,0,South,1,0.705,67541.3265
625,64,20,20,4773.32,81452.77,109,4,1,North,0,0.14,11403.387800000002
626,61,56,4,603.64,99347.71,346,0,1,West,0,0.16,15895.633600000001
627,51,35,19,224.33,62087.31,234,1,0,East,1,0.42,26076.670199999997
628,51,18,12,4937.46,14651.65,212,3,0,North,1,0.855,12527.16075
629,42,55,4,978.45,114611.78,137,0,0,West,0,0.225,25787.6505
630,52,40,7,2827.25,46592.73,192,3,1,East,0,0.145,6755.94585
631,24,19,4,4781.78,52493.48,154,2,0,South,0,0.11,5774.2828
632,57,30,6,4271.14,154299.74,64,2,1,South,0,0.13,20058.9662
633,23,13,15,4805.99,60146.53,203,1,1,West,1,0.815,49019.421949999996
634,67,20,17,924.9,140441.2,18,5,1,West,1,0.8,112352.96000000002
635,50,32,15,943.38,69983.95,139,0,1,East,0,0.23,16096.3085
636,28,50,10,4881.42,37970.05,154,2,1,West,0,0.33,12530.116500000002
637,53,45,14,1167.67,33423.23,311,0,0,South,1,0.39,13035.059700000002
638,41,58,11,3432.3,19750.62,37,1,1,East,1,0.85,16788.027
639,34,23,19,2553.55,23681.07,270,5,1,South,1,0.83,19655.288099999998
640,64,21,3,2599.38,24633.52,236,1,1,North,1,0.855,21061.6596
641,20,47,14,901.67,162322.75,21,1,0,East,1,0.8,129858.20000000001
642,28,29,16,1820.52,28166.0,266,2,1,West,1,0.855,24081.93
643,62,11,8,1592.78,127138.84,262,0,0,East,0,0.11,13985.2724
644,51,55,14,3366.44,62162.28,172,3,1,West,0,0.33,20513.5524
645,69,54,11,373.84,140915.72,266,0,0,West,0,0.415,58480.023799999995
646,40,14,17,2578.6,81079.42,183,0,1,West,0,0.165,13378.1043
647,29,6,17,3737.7,32687.85,47,5,0,North,0,0.1,3268.785
648,27,4,15,2277.0,11697.75,213,1,1,East,0,0.095,1111.28625
649,66,28,12,2348.24,27804.14,112,2,1,North,1,0.855,23772.539699999998
650,47,59,5,1009.21,31381.39,25,5,1,West,1,0.645,20240.99655
651,57,18,4,781.06,15699.3,196,0,1,West,0,0.445,6986.1885
652,27,31,19,1243.85,50340.84,290,5,1,East,0,0.145,7299.421799999999
653,19,56,12,271.07,168294.97,22,3,1,North,1,0.4,67317.988
654,38,22,13,758.11,5357.74,73,5,1,East,0,0.16,857.2384
655,69,9,16,1921.51,67547.1,133,1,1,East,1,0.835,56401.8285
656,18,30,9,3249.24,154473.42,286,5,0,South,0,0.155,23943.380100000002
657,61,11,8,2535.05,109836.57,87,3,0,East,0,0.27,29655.873900000002
658,53,35,18,2749.07,34961.22,290,0,1,East,0,0.14,4894.5708
659,42,54,2,3055.38,147947.05,293,1,1,West,1,0.75,110960.28749999999
660,42,19,4,4807.78,32928.58,80,1,0,West,1,0.83,27330.7214
661,44,7,2,4728.32,57473.56,83,0,1,South,0,0.255,14655.7578
662,24,38,16,4647.63,3730.59,62,4,0,North,1,0.815,3040.4308499999997
663,40,49,16,1825.75,36165.3,46,0,1,South,0,0.315,11392.069500000001
664,55,46,13,4228.34,47520.49,350,0,1,West,1,0.81,38491.596900000004
665,24,7,4,2585.49,167956.47,260,1,0,North,0,0.2,33591.294
666,42,39,17,978.47,55300.73,284,1,1,South,0,0.195,10783.642350000002
667,43,44,4,3084.5,308530.63,349,5,1,East,1,0.75,231397.9725
668,31,42,14,1773.66,15200.06,268,3,1,West,1,0.84,12768.050399999998
669,19,47,15,1887.58,84638.87,169,5,1,East,0,0.295,24968.46665
670,65,35,5,1738.71,408983.92,206,5,1,East,1,0.735,300603.1812
671,26,37,11,3888.21,44253.39,167,1,0,West,1,0.5,22126.695
672,63,13,9,2608.0,103932.55,334,0,0,West,0,0.145,15070.21975
673,31,19,16,4739.34,48466.42,41,2,0,North,0,0.115,5573.6383
674,22,55,7,4560.91,10889.65,20,0,1,West,0,0.225,2450.17125
675,22,30,5,2773.14,24964.76,340,2,0,East,0,0.3,7489.427999999999
676,61,21,5,627.69,276692.59,84,4,1,West,0,0.18,49804.6662
677,22,6,4,2855.7,125847.64,363,2,0,North,0,0.165,20764.8606
678,61,28,17,3348.32,74405.16,358,1,0,South,1,0.59,43899.0444
679,45,27,13,4168.62,122950.6,191,4,0,South,1,0.34,41803.204000000005
680,52,27,7,975.26,32127.28,167,4,0,North,1,0.525,16866.822
681,57,34,11,491.42,72629.13,194,1,1,West,1,0.755,54834.99315
682,58,27,19,1169.12,81043.75,104,2,1,North,1,0.71,57541.0625
683,45,5,17,3929.77,34736.36,145,1,1,East,0,0.17,5905.181200000001
684,58,51,19,550.11,98587.14,178,5,0,East,1,0.77,75912.0978
685,27,46,5,4837.15,17757.2,32,2,0,East,1,0.7,12430.039999999999
686,40,50,17,3124.07,30995.48,133,1,0,East,0,0.17,5269.2316
687,65,34,3,4342.17,204380.9,3,3,1,North,0,0.18,36788.562
688,57,4,2,1008.87,136178.01,362,4,1,South,1,0.355,48343.19355
689,42,54,2,3796.09,59388.02,192,4,1,East,0,0.12,7126.5624
690,58,54,4,1293.16,76238.0,36,4,0,East,0,0.4,30495.2
691,43,19,3,3170.4,307612.24,345,0,0,North,0,0.19,58446.3256
692,68,4,9,4819.12,139213.45,198,3,0,North,0,0.12,16705.614
693,51,29,9,4126.62,81494.08,308,0,0,North,0,0.51,41561.980800000005
694,36,34,15,4344.4,50338.97,298,1,0,East,1,0.845,42536.42965
695,62,46,6,220.54,49737.42,295,4,1,West,0,0.2,9947.484
696,42,43,3,2873.33,65429.11,88,1,1,North,1,0.805,52670.43355
697,23,7,6,4853.92,24200.68,8,3,1,North,1,0.79,19118.537200000002
698,38,37,17,1804.7,26198.71,175,1,1,South,0,0.55,14409.290500000001
699,19,4,4,3377.53,21830.63,88,5,1,South,0,0.155,3383.7476500000002
700,46,46,4,3439.61,314788.13,275,0,0,West,0,0.21,66105.5073
701,46,29,15,1564.35,8782.46,137,2,1,West,1,0.785,6894.2311
702,18,34,16,1482.9,12481.58,329,5,0,South,1,0.795,9922.8561
703,55,46,14,728.49,59608.8,126,5,1,East,1,0.835,49773.348
704,40,59,13,1196.3,8002.81,298,2,0,North,1,0.815,6522.29015
705,45,16,15,3998.1,137153.56,324,4,0,East,0,0.125,17144.195
706,34,16,7,4831.36,56304.96,235,1,1,South,0,0.185,10416.417599999999
707,52,25,1,4761.43,69146.34,287,1,0,South,1,0.79,54625.6086
708,48,23,3,2757.06,58474.35,261,5,0,West,0,0.155,9063.52425
709,47,9,2,4264.08,26880.18,154,3,0,South,0,0.13,3494.4234
710,52,7,12,2807.03,200707.3,322,0,1,West,0,0.125,25088.4125
711,52,47,19,1177.08,158364.84,349,3,1,North,0,0.3,47509.452
712,45,38,12,4625.78,384899.85,249,2,1,South,0,0.15,57734.97749999999
713,52,39,5,859.22,18760.63,170,4,1,East,1,0.87,16321.7481
714,70,22,16,3903.78,147502.94,108,1,0,East,1,0.505,74488.9847
715,48,4,13,4256.22,61767.21,14,1,0,North,0,0.555,34280.801550000004
716,29,22,4,3502.31,250503.67,71,5,1,North,0,0.065,16282.738550000002
717,39,4,1,533.86,77324.99,61,1,1,East,0,0.365,28223.62135
718,44,9,4,2120.6,53233.87,116,4,1,East,1,0.815,43385.60405
719,49,15,10,2780.52,5852.18,301,3,0,North,1,0.785,4593.961300000001
720,34,34,18,3308.15,46023.86,264,4,1,West,1,0.785,36128.7301
721,69,21,15,3705.78,51586.8,268,2,0,West,0,0.21,10833.228000000001
722,39,3,20,3373.89,73418.84,237,3,0,East,0,0.345,25329.499799999998
723,26,54,19,407.24,54113.56,312,0,1,West,0,0.11,5952.491599999999
724,46,19,19,3709.42,71407.39,103,4,1,West,1,0.755,53912.57945
725,55,3,2,1005.15,96817.77,57,2,1,West,0,0.155,15006.754350000001
726,37,35,17,1758.61,40016.32,9,3,1,North,0,0.09,3601.4687999999996
727,47,32,20,1197.76,32655.66,53,2,0,North,0,0.13,4245.2358
728,70,21,15,3630.53,67761.54,0,3,1,South,0,0.195,13213.5003
729,44,50,14,3845.61,188089.61,118,5,1,North,1,0.82,154233.4802
730,34,57,15,4190.19,250299.54,285,5,0,South,0,0.15,37544.931
731,30,58,3,3144.74,320714.58,32,3,1,West,1,0.79,253364.51820000002
732,50,52,10,3659.89,135647.59,338,4,0,South,1,0.78,105805.1202
733,40,29,2,4958.48,246937.7,164,4,0,West,0,0.26,64203.802
734,51,6,12,2862.45,12987.75,265,1,1,South,1,0.795,10325.261250000001
735,70,4,8,3073.66,232005.53,130,4,0,West,0,0.165,38280.91245
736,18,29,8,2311.41,3782.9,131,0,1,North,1,0.79,2988.491
737,51,41,10,1454.34,535970.53,278,0,1,West,1,0.875,468974.21375
738,62,45,4,3277.38,223292.56,87,4,0,South,0,0.395,88200.5612
739,59,60,13,811.99,52971.51,317,1,0,East,1,0.83,43966.3533
740,63,14,12,740.37,49424.71,129,3,0,West,0,0.215,10626.31265
741,49,54,14,3782.11,83979.41,256,5,1,East,0,0.48,40310.1168
742,32,45,20,2641.28,250253.66,333,5,0,South,0,0.545,136388.2447
743,51,41,10,1579.11,20269.98,334,0,1,East,1,0.895,18141.6321
744,50,16,10,3519.72,409210.24,13,3,1,East,0,0.14,57289.433600000004
745,20,6,7,1401.8,224920.59,260,4,1,West,0,0.09,20242.8531
746,60,41,19,3545.51,36978.13,73,2,1,North,0,0.08,2958.2504
747,31,21,19,3040.0,16575.07,143,4,1,North,0,0.08,1326.0056
748,68,60,1,1379.54,57875.82,71,4,0,West,1,0.8,46300.656
749,70,29,9,3379.91,12438.17,101,0,0,West,1,0.84,10448.0628
750,46,27,12,2978.16,10319.43,316,5,1,North,1,0.4,4127.772
751,46,36,7,4333.74,10493.82,158,1,1,East,0,0.185,1941.3566999999998
752,63,1,10,1471.86,578264.61,12,1,1,East,1,0.815,471285.65715
753,30,7,17,4178.85,84858.06,4,4,1,South,0,0.11,9334.3866
754,50,33,18,3822.34,50644.07,20,3,1,West,1,0.425,21523.72975
755,69,27,7,1947.52,131760.48,356,2,0,West,1,0.845,111337.60560000001
756,53,45,13,4956.48,12115.9,84,1,0,South,0,0.24,2907.816
757,27,5,17,4758.67,22613.55,268,0,1,North,1,0.775,17525.50125
758,42,33,8,915.71,247781.74,4,2,0,East,1,0.755,187075.2137
759,50,40,10,1902.94,150957.87,147,4,1,South,1,0.86,129823.76819999999
760,53,57,15,3506.2,53598.79,47,0,1,North,0,0.26,13935.6854
761,34,39,6,2709.43,43955.89,296,4,0,East,1,0.76,33406.4764
762,59,31,4,1710.18,6807.28,291,5,0,West,1,0.44,2995.2032
763,23,31,5,3025.55,52460.86,230,1,0,North,1,0.735,38558.7321
764,40,47,12,3500.61,58050.82,139,3,0,South,0,0.095,5514.8279
765,61,21,6,1780.49,22361.25,96,5,1,East,0,0.565,12634.106249999999
766,63,37,9,1870.23,52284.96,273,4,0,West,1,0.815,42612.242399999996
767,54,45,13,4818.03,250960.31,324,4,1,West,0,0.17,42663.252700000005
768,63,58,4,4808.76,87576.95,153,3,1,North,0,0.38,33279.241
769,62,28,15,1446.37,83646.64,14,2,1,West,0,0.13,10874.0632
770,68,36,2,3163.8,126517.4,24,5,1,South,1,0.745,94255.46299999999
771,40,14,17,2969.88,200831.11,138,1,0,North,1,0.785,157652.42135
772,66,36,4,481.54,389089.75,261,0,1,West,1,0.84,326835.39
773,56,50,20,1736.34,243656.19,158,3,1,West,0,0.15,36548.4285
774,33,29,11,665.51,321242.07,274,0,0,East,1,0.79,253781.23530000003
775,33,23,20,4084.51,3282.27,297,4,0,East,0,0.135,443.10645000000005
776,67,34,20,1165.68,37635.89,294,1,0,West,0,0.2,7527.178
777,41,6,2,1354.89,227271.47,148,5,0,North,1,0.725,164771.81575
778,44,8,4,2117.73,78800.28,11,4,0,West,1,0.805,63434.2254
779,41,46,10,1036.16,29477.45,14,5,1,South,1,0.78,22992.411
780,49,29,12,2377.03,123315.76,7,0,1,South,1,0.81,99885.7656
781,19,57,13,1598.17,15964.62,14,5,0,West,1,0.78,12452.403600000001
782,40,31,7,582.65,76293.86,55,1,1,West,0,0.215,16403.1799
783,26,21,5,710.06,124326.63,254,1,1,East,0,0.105,13054.29615
784,38,25,18,569.96,365651.21,148,4,0,West,1,0.71,259612.3591
785,33,48,2,4760.47,145840.47,140,0,0,South,0,0.155,22605.27285
786,34,7,14,4916.94,183376.25,24,1,1,East,1,0.875,160454.21875
787,47,43,18,1613.72,48303.16,132,4,0,North,0,0.195,9419.1162
788,46,43,20,3942.21,232425.39,321,2,0,North,0,0.42,97618.66380000001
789,42,22,8,4265.3,29830.1,257,3,0,North,1,0.81,24162.381
790,21,42,5,642.44,138155.35,152,5,0,West,0,0.135,18650.972250000003
791,52,17,10,2486.65,205990.25,97,4,1,West,0,0.125,25748.78125
792,19,6,9,3884.16,244764.91,325,0,0,North,1,0.8,195811.928
793,50,30,13,3888.15,30011.26,42,1,1,South,0,0.16,4801.8016
794,39,30,6,4549.13,271123.5,143,4,1,West,1,0.745,201987.0075
795,22,57,10,3018.6,149347.04,209,4,0,North,0,0.125,18668.38
796,70,40,7,3332.58,43230.64,190,2,1,North,0,0.195,8429.9748
797,20,6,6,1136.81,22596.21,57,1,0,North,0,0.255,5762.03355
798,21,59,13,1580.32,52350.35,38,2,1,South,0,0.255,13349.339249999999
799,23,6,2,1236.38,86941.54,242,1,0,West,0,0.14,12171.8156
800,37,9,14,4209.12,21521.39,312,5,0,West,1,0.79,17001.8981
801,62,41,17,1284.67,53500.3,156,5,0,West,0,0.47,25145.141
802,37,2,1,213.67,256033.92,112,2,0,South,0,0.185,47366.275200000004
803,68,34,19,236.5,16701.87,210,3,0,North,1,0.405,6764.25735
804,44,31,1,2725.44,115522.03,59,1,1,South,1,0.725,83753.47175
805,34,35,18,3851.47,18302.22,289,5,1,North,0,0.15,2745.333
806,25,48,12,2182.26,85000.85,229,0,1,East,0,0.15,12750.1275
807,27,4,16,3581.62,52353.29,214,4,0,North,0,0.075,3926.49675
808,26,52,17,2997.52,43940.8,286,5,0,West,1,0.735,32296.488
809,36,15,4,759.34,2629.69,160,4,1,East,1,0.755,1985.41595
810,45,60,9,1303.71,110888.41,20,5,1,South,1,0.81,89819.61210000001
811,39,9,11,735.74,12564.58,90,4,0,East,0,0.445,5591.2381000000005
812,31,24,5,4478.18,76132.64,147,1,1,West,0,0.51,38827.6464
813,64,29,16,1836.27,31283.08,318,5,0,East,1,0.9,28154.772
814,21,11,13,3537.29,230810.31,62,1,1,West,0,0.135,31159.39185
815,27,10,6,3983.85,12185.35,195,3,1,North,0,0.125,1523.16875
816,68,30,12,2631.55,136500.49,72,0,1,South,0,0.19,25935.0931
817,33,29,11,843.81,28924.98,277,0,0,South,1,0.575,16631.8635
818,60,39,16,4675.91,179984.52,307,5,0,North,1,0.76,136788.2352
819,36,15,4,981.34,95974.5,337,0,1,West,1,0.805,77259.4725
820,19,7,9,4257.15,65244.23,117,2,0,East,1,0.675,44039.85525000001
821,40,42,4,4606.61,37087.97,285,3,1,West,0,0.385,14278.86845
822,19,50,2,4344.02,48049.62,152,4,0,South,1,0.735,35316.4707
823,27,40,16,4402.75,17569.68,96,3,1,West,1,0.46,8082.0528
824,66,20,18,1685.18,110079.86,33,2,1,West,1,0.405,44582.3433
825,31,7,16,2859.87,73426.03,48,3,1,East,0,0.06,4405.5617999999995
826,49,52,10,4518.89,3663.98,345,3,0,North,1,0.8,2931.184
827,57,42,5,4911.09,32380.22,22,3,0,West,1,0.58,18780.527599999998
828,29,55,19,4726.51,272384.13,72,0,1,West,0,0.185,50391.06405
829,63,35,7,4040.01,3539.82,358,3,1,South,0,0.175,619.4685
830,27,49,12,1885.33,15279.17,123,1,0,East,0,0.34,5194.9178
831,52,31,12,2197.41,78088.63,86,3,0,South,0,0.165,12884.623950000001
832,49,1,6,2256.67,10241.3,59,2,1,East,0,0.19,1945.847
833,42,42,2,1149.92,95681.01,133,1,0,East,1,0.755,72239.16255
834,37,28,5,3702.48,323998.41,43,3,1,North,1,0.755,244618.79955
835,55,23,17,4643.16,8215.12,171,4,1,West,1,0.83,6818.5496
836,20,24,17,4366.76,195671.78,19,3,0,West,0,0.15,29350.767
837,18,7,10,648.0,8116.69,361,3,0,West,0,0.19,1542.1711
838,22,12,14,4339.74,86639.96,55,5,1,South,0,0.235,20360.3906
839,52,20,14,2238.31,8338.78,3,3,1,South,1,0.72,6003.921600000001
840,48,42,16,3620.64,38409.98,327,5,1,North,0,0.19,7297.896200000001
841,39,28,1,4382.74,65143.24,140,3,1,East,0,0.125,8142.905
842,39,26,18,1070.87,90962.88,149,5,1,North,1,0.84,76408.8192
843,63,1,10,2356.21,210964.77,110,4,1,East,0,0.18,37973.658599999995
844,48,49,7,1085.25,52597.75,156,3,0,West,1,0.735,38659.34625
845,63,38,11,3973.94,75900.55,309,5,1,South,1,0.79,59961.4345
846,20,35,15,4330.4,11706.45,157,5,1,West,0,0.435,5092.30575
847,37,39,1,1661.25,9830.71,241,4,1,South,0,0.155,1523.7600499999999
848,22,34,12,1186.34,73659.39,29,2,1,West,1,0.74,54507.948599999996
849,56,19,7,3506.77,61438.58,289,4,1,North,0,0.08,4915.0864
850,55,54,7,446.45,114396.9,150,3,1,South,1,0.38,43470.822
851,67,2,6,1841.3,49586.89,151,4,1,West,1,0.85,42148.8565
852,50,25,4,3590.24,378253.15,256,0,1,East,1,0.705,266668.47075
853,70,31,12,1789.38,333539.65,189,2,0,North,1,0.79,263496.32350000006
854,46,10,4,2304.61,236883.88,40,5,0,West,0,0.19,45007.9372
855,61,49,11,1553.71,21222.56,154,4,0,West,0,0.225,4775.076
856,44,19,1,1345.6,41544.85,177,4,0,South,0,0.11,4569.9335
857,48,14,8,1546.98,21296.25,245,5,0,South,1,0.84,17888.85
858,67,17,11,4389.19,50356.43,337,1,0,West,1,0.935,47083.262050000005
859,67,56,17,2362.08,92588.1,238,4,1,North,1,0.715,66200.4915
860,22,41,2,2132.02,229067.63,282,4,0,South,1,0.47,107661.7861
861,40,60,14,2289.3,31156.72,261,4,1,South,0,0.21,6542.9112
862,38,42,6,2105.85,20612.51,117,0,1,West,1,0.825,17005.32075
863,52,43,12,4251.55,48353.51,135,3,1,West,0,0.115,5560.65365
864,42,15,17,2076.15,100504.64,345,5,0,South,1,0.76,76383.5264
865,46,5,16,3251.29,136042.02,49,1,1,South,0,0.13,17685.4626
866,39,42,5,355.96,82290.97,115,0,0,West,1,0.335,27567.474950000003
867,40,38,17,1856.86,43117.36,3,3,1,South,1,0.215,9270.2324
868,32,7,15,2133.89,74188.89,95,0,1,East,0,0.3,22256.666999999998
869,23,58,10,2230.66,61580.5,52,2,1,South,1,0.725,44645.862499999996
870,66,23,4,4063.09,236071.51,346,0,0,West,1,0.765,180594.70515000002
871,66,27,10,4809.04,28715.5,344,1,0,West,1,0.89,25556.795000000002
872,26,6,1,4116.25,3787.31,101,1,1,East,0,0.12,454.4772
873,19,59,17,796.28,14765.02,251,1,0,South,0,0.25,3691.255
874,45,48,8,2955.91,269779.2,134,3,0,West,1,0.72,194241.024
875,41,54,3,431.32,392298.66,293,2,1,West,0,0.18,70613.7588
876,42,58,9,1022.46,78326.52,11,3,0,West,0,0.21,16448.5692
877,23,19,5,1465.31,48797.53,25,1,0,North,1,0.805,39282.01165
878,56,12,15,762.87,110275.22,252,2,0,East,0,0.18,19849.5396
879,32,39,8,4761.77,58016.18,92,0,1,South,0,0.085,4931.375300000001
880,27,27,14,673.03,85690.82,89,3,1,West,0,0.255,21851.1591
881,27,45,5,4385.6,106130.31,58,2,0,North,0,0.125,13266.28875
882,44,6,19,2240.55,37647.81,187,0,0,West,0,0.11,4141.2591
883,32,58,20,4926.71,1012.18,61,0,1,South,1,0.805,814.8049
884,35,12,1,2330.11,82694.07,310,5,0,West,1,0.415,34318.03905
885,25,39,17,600.13,16936.4,253,0,0,West,0,0.46,7790.744000000001
886,68,32,16,1999.62,67853.83,318,0,0,South,1,0.8,54283.064000000006
887,54,6,7,2300.5,25265.94,157,3,0,East,0,0.22,5558.5068
888,62,42,20,3717.69,108484.18,265,0,1,North,1,0.795,86244.9231
889,23,15,18,3575.58,68233.71,186,1,1,West,0,0.245,16717.25895
890,56,40,2,2473.59,7896.45,144,5,0,West,0,0.135,1066.0207500000001
891,53,53,8,1815.49,133207.87,257,0,0,North,1,0.865,115224.80755
892,29,48,6,4906.79,20317.03,54,4,0,West,0,0.205,4164.99115
893,65,58,3,3374.18,411081.73,200,4,0,South,1,0.435,178820.55255
894,39,49,16,2934.28,105806.94,294,3,0,South,0,0.29,30684.0126
895,25,21,6,1548.59,118545.72,284,3,1,South,0,0.19,22523.6868
896,34,3,6,1558.34,18907.12,100,5,1,South,1,0.725,13707.661999999998
897,67,48,4,3033.47,4347.98,104,1,0,North,0,0.2,869.596
898,40,48,15,1272.78,58491.06,309,2,0,North,0,0.115,6726.4719000000005
899,23,54,4,1032.71,17022.95,323,0,1,West,0,0.13,2212.9835000000003
900,46,5,15,2147.55,74563.12,110,4,1,East,0,0.41,30570.879199999996
901,55,34,14,3873.96,117867.0,28,2,1,West,1,0.785,92525.595
902,22,12,14,4293.4,55015.57,50,3,0,West,0,0.265,14579.12605
903,64,21,1,1170.05,199671.68,104,2,0,North,1,0.49,97839.1232
904,40,36,15,4549.72,68968.09,282,0,0,West,1,0.805,55519.31245
905,50,38,6,2613.53,282992.04,100,3,1,West,1,0.825,233468.43299999996
906,22,1,17,707.4,20023.36,359,5,1,West,1,0.83,16619.3888
907,33,20,16,4789.48,45501.64,331,2,1,South,0,0.185,8417.8034
908,57,54,5,2345.93,77694.77,274,3,1,North,1,0.8,62155.816000000006
909,45,17,16,598.11,6458.76,274,2,0,North,1,0.855,5522.2398
910,66,18,14,2861.72,296091.29,53,5,0,South,0,0.095,28128.67255
911,25,50,13,3762.67,183701.19,218,5,1,South,0,0.15,27555.178499999998
912,29,25,8,3729.45,73269.04,29,0,0,North,1,0.725,53120.054
913,33,51,8,1803.49,55267.08,8,5,1,North,0,0.075,4145.031
914,31,27,10,595.39,288700.53,181,0,1,East,0,0.235,67844.62455000001
915,62,31,2,4267.95,5884.28,102,2,0,South,0,0.295,1735.8626
916,61,8,3,1773.41,25790.42,158,1,0,East,0,0.195,5029.131899999999
917,49,44,17,4675.41,12517.29,339,4,0,South,0,0.235,2941.56315
918,66,42,16,3611.42,19311.47,273,5,0,East,1,0.555,10717.865850000002
919,19,47,16,2828.29,102953.15,327,0,0,West,1,0.805,82877.28575
920,24,56,6,3194.59,72603.38,315,1,1,East,0,0.1,7260.338000000001
921,50,3,8,3749.3,114225.78,27,1,1,East,1,0.835,95378.5263
922,48,22,2,1913.51,162815.88,56,5,0,South,0,0.135,21980.1438
923,27,37,11,4138.31,37444.38,57,0,0,East,1,0.77,28832.172599999998
924,28,56,1,1407.39,70140.63,45,2,1,South,0,0.14,9819.688200000002
925,21,14,18,3903.58,85716.21,5,3,0,East,1,0.225,19286.14725
926,55,30,6,4830.29,580254.93,317,2,1,North,0,0.145,84136.96485
927,47,16,12,665.96,209931.12,139,0,1,West,1,0.745,156398.6844
928,58,57,10,2607.69,57789.91,75,0,0,East,1,0.85,49121.423500000004
929,37,16,4,737.54,34137.39,143,0,0,West,0,0.2,6827.478
930,70,56,14,2924.81,241282.66,358,1,0,East,0,0.22,53082.1852
931,27,17,16,644.53,17509.55,267,3,1,South,1,0.845,14795.569749999999
932,29,29,16,2267.84,362040.54,97,0,0,North,1,0.845,305924.25629999995
933,67,35,2,3223.03,159364.63,211,1,1,North,0,0.255,40637.980650000005
934,49,18,14,2762.25,204860.69,235,3,0,West,0,0.125,25607.58625
935,59,57,8,525.51,74251.99,31,5,0,South,0,0.185,13736.61815
936,34,10,18,4506.1,192389.3,193,1,1,North,1,0.825,158721.1725
937,30,45,20,3294.69,34047.3,264,1,0,West,1,0.54,18385.542
938,50,51,8,2243.04,137050.05,219,5,0,West,1,0.735,100731.78674999998
939,23,15,18,3460.03,224918.48,120,0,0,East,0,0.34,76472.2832
940,64,17,16,4665.41,59668.53,250,5,0,North,1,0.775,46243.11075
941,19,57,13,2126.2,8820.05,143,1,0,West,0,0.21,1852.2104999999997
942,23,19,6,2659.53,206627.83,156,5,0,East,0,0.335,69220.32305
943,67,37,6,2704.5,130189.87,220,2,0,East,0,0.535,69651.58045000001
944,28,21,2,2287.56,57930.48,339,4,1,North,0,0.145,8399.9196
945,58,49,15,701.9,154885.71,321,2,1,North,1,0.765,118487.56814999999
946,68,42,14,969.13,150578.49,336,5,1,East,1,0.835,125733.03914999998
947,48,50,8,2683.67,28673.17,355,4,0,North,0,0.26,7455.0242
948,25,47,9,4425.98,30135.49,52,1,0,South,0,0.36,10848.7764
949,27,13,10,4246.17,80060.26,345,3,0,West,1,0.515,41231.033899999995
950,23,21,8,4241.39,32547.98,331,3,1,South,1,0.82,26689.343599999997
951,20,10,14,4186.8,14204.92,315,4,0,West,0,0.19,2698.9348
952,28,5,16,3398.72,524.69,176,0,1,West,0,0.155,81.32695000000001
953,42,35,10,3431.92,277380.83,346,5,1,South,0,0.245,67958.30335
954,43,1,12,4230.72,48106.81,127,4,1,East,0,0.18,8659.2258
955,24,4,19,2010.06,59590.09,260,2,1,East,0,0.115,6852.86035
956,66,14,8,883.37,154479.03,144,3,1,East,1,0.815,125900.40944999999
957,44,22,6,1569.74,51068.02,10,0,0,West,0,0.185,9447.5837
958,20,60,16,4721.76,216554.2,133,1,0,West,1,0.81,175408.90200000003
959,56,44,10,621.02,8447.5,26,5,0,West,0,0.235,1985.1625
960,34,50,4,2581.56,135167.04,236,5,1,East,0,0.49,66231.8496
961,30,41,14,1382.02,57940.13,317,1,1,North,0,0.165,9560.12145
962,24,16,19,4112.25,35348.5,207,2,0,East,1,0.75,26511.375
963,35,24,20,3744.79,116696.17,62,4,1,West,1,0.82,95690.85939999999
964,69,20,15,3328.25,30251.96,100,3,0,North,1,0.825,24957.867
965,68,44,15,2738.32,113202.54,81,2,0,North,0,0.115,13018.2921
966,33,19,13,1149.75,7939.36,21,4,1,North,1,0.775,6153.004
967,33,27,7,1249.62,14803.94,204,3,1,North,1,0.755,11176.9747
968,70,39,5,659.92,44449.49,118,3,1,West,1,0.83,36893.0767
969,46,26,11,1921.48,62537.97,187,4,1,South,1,0.79,49404.996300000006
970,30,33,20,1286.51,72190.03,161,5,1,North,1,0.815,58834.874449999996
971,23,46,11,1874.38,28129.06,263,0,0,South,1,0.84,23628.4104
972,55,27,2,4908.45,165910.16,281,4,0,East,1,0.85,141023.636
973,19,32,11,635.53,27866.93,292,1,1,East,1,0.785,21875.54005
974,22,46,11,2347.96,171525.19,290,1,0,South,0,0.725,124355.76275
975,69,36,2,2810.58,156948.12,304,0,0,West,0,0.455,71411.3946
976,39,53,4,1170.87,152607.37,297,0,1,South,0,0.205,31284.51085
977,20,33,12,1735.23,30577.99,231,3,1,West,1,0.805,24615.281950000004
978,42,44,5,4427.1,96293.05,32,1,1,South,0,0.355,34184.03275
979,28,36,8,650.06,22576.13,26,1,1,West,1,0.505,11400.945650000001
980,58,32,7,4733.05,111128.91,1,4,1,South,1,0.77,85569.2607
981,36,42,9,405.6,132996.44,98,4,1,East,0,0.1,13299.644
982,42,9,6,379.98,71297.0,69,2,0,West,1,0.77,54898.69
983,52,49,3,1419.71,247826.73,345,0,1,East,0,0.18,44608.8114
984,48,26,9,4370.88,31010.56,305,2,0,East,0,0.27,8372.851200000001
985,25,14,15,4778.68,25393.51,215,1,1,South,1,0.78,19806.9378
986,40,41,3,3067.66,79343.17,351,0,1,South,0,0.385,30547.12045
987,54,8,11,1846.84,40419.87,219,0,0,South,1,0.445,17986.84215
988,45,12,8,1876.09,248894.67,266,3,1,West,0,0.16,39823.1472
989,58,30,5,2987.75,17738.01,124,4,0,South,0,0.24,4257.122399999999
990,52,59,19,4092.21,42310.21,360,5,0,West,0,0.62,26232.3302
991,50,57,19,3870.66,2877.73,85,3,0,North,1,0.79,2273.4067
992,57,9,10,4772.6,63978.66,156,3,1,North,0,0.15,9596.799
993,27,28,16,2731.78,86499.29,172,0,0,East,0,0.135,11677.40415
994,53,39,4,427.71,45781.06,286,0,1,North,1,0.765,35022.5109
995,43,49,13,3758.15,250481.12,115,5,1,West,1,0.77,192870.4624
996,68,28,9,3422.18,67269.81,204,0,1,North,0,0.49,32962.2069
997,24,42,2,1761.22,168399.34,78,1,1,East,0,0.175,29469.884499999996
998,68,25,5,3900.14,152769.21,283,0,0,South,0,0.165,25206.91965
999,36,30,8,2573.66,190974.26,352,5,1,South,0,0.525,100261.48650000001
1000,45,59,7,3245.93,60558.66,239,2,0,West,0,0.14,8478.212400000002
